{
   "Naturals" : {
      "history_reset" : 5,
      "iter" : 12,
      "iter_max" : 50,
      "krylov_iter" : 2,
      "krylov_iter_max" : 10,
      "krylov_iter_total" : 28,
      "krylov_orthog_max" : 1,
      "linesearch_iter" : 0,
      "linesearch_iter_max" : 5,
      "linesearch_iter_total" : 0,
      "msg_level" : 1,
      "rejected_trustregion" : 0,
      "stored_history" : 0
   },
   "Parameters" : {
      "H_type" : "UserDefined",
      "PH_type" : "Identity",
      "algorithm_class" : "TrustRegion",
      "dir" : "SteepestDescent",
      "dscheme" : "Never",
      "f_diag" : "NoDiagnostics",
      "kind" : "GoldenSection",
      "krylov_solver" : "ConjugateDirection",
      "krylov_stop" : "RelativeErrorSmall",
      "opt_stop" : "NotConverged"
   },
   "Reals" : {
      "alpha" : 1.0,
      "alpha0" : 1.0,
      "ared" : 0.1951004943484193,
      "c1" : 0.00010,
      "delta" : 0.2075511254270860,
      "eps_dx" : 1.000000000000000e-08,
      "eps_grad" : 1.000000000000000e-08,
      "eps_krylov" : 1.000000000000000e-12,
      "eps_ls" : 0.010,
      "eta1" : 0.10,
      "eta2" : 0.90,
      "f_x" : 0.2693435904396918,
      "f_xpdx" : 0.2693435904396918,
      "krylov_rel_err" : 5.020148885695045e-16,
      "norm_dxtyp" : 232.8676877542266,
      "norm_gradtyp" : 232.8676877542266,
      "pred" : 0.1591042436274190
   },
   "X_Vectors" : {
      "dx" : [ 0.07641393323034001, 0.09608125376763461 ],
      "dx_old" : [ 0.07641393323034001, 0.09608125376763461 ],
      "grad" : [ 0.09980046640733875, -1.167817838346163 ],
      "grad_old" : [ 4.321287940767597, -6.748611930042785 ],
      "x" : [ 0.4843120185802339, 0.228719042149530 ],
      "x_old" : [ 0.4078980853498939, 0.1326377883818954 ]
   }
}
